id,name,read,pattern,sequence,feature_type
HTB1,HTB1,R2,5PNNNNNNNNNN(BC),GTCAACTCTTTAGCG,Antibody Capture
HTB2,HTB2,R2,5PNNNNNNNNNN(BC),TGATGGCCTATTGGG,Antibody Capture
HTB3,HTB3,R2,5PNNNNNNNNNN(BC),TTCCGCCTCTCTTTG,Antibody Capture
HTB4,HTB4,R2,5PNNNNNNNNNN(BC),AGTAAGTTCAGCGTA,Antibody Capture
HTB5,HTB5,R2,5PNNNNNNNNNN(BC),AAGTATCGTTTCGCA,Antibody Capture
HTB6,HTB6,R2,5PNNNNNNNNNN(BC),GGTTGCCAGATGTCA,Antibody Capture
HTB7,HTB7,R2,5PNNNNNNNNNN(BC),TGTCTTTCCTGCCAG,Antibody Capture
HTB8,HTB8,R2,5PNNNNNNNNNN(BC),CTCCTCTGCAATTAC,Antibody Capture
HTB9,HTB9,R2,5PNNNNNNNNNN(BC),CAGTAGTCACGGTCA,Antibody Capture
HTB10,HTB10,R2,5PNNNNNNNNNN(BC),ATTGACCCGCGTTAG,Antibody Capture
HTB11,HTB11,R2,5PNNNNNNNNNN(BC),CGATTGTAGACCTTT,Antibody Capture
HTB12,HTB12,R2,5PNNNNNNNNNN(BC),TAACGACCAGCCATA,Antibody Capture