id,name,read,pattern,sequence,feature_type
HTC1,HTC1,R2,5PNNNNNNNNNN(BC),GTCAACTCTTTAGCG,Antibody Capture
HTC2,HTC2,R2,5PNNNNNNNNNN(BC),TGATGGCCTATTGGG,Antibody Capture
HTC3,HTC3,R2,5PNNNNNNNNNN(BC),TTCCGCCTCTCTTTG,Antibody Capture
HTC4,HTC4,R2,5PNNNNNNNNNN(BC),AGTAAGTTCAGCGTA,Antibody Capture
HTC5,HTC5,R2,5PNNNNNNNNNN(BC),AAGTATCGTTTCGCA,Antibody Capture
HTC6,HTC6,R2,5PNNNNNNNNNN(BC),GGTTGCCAGATGTCA,Antibody Capture
HTC7,HTC7,R2,5PNNNNNNNNNN(BC),TGTCTTTCCTGCCAG,Antibody Capture
HTC8,HTC8,R2,5PNNNNNNNNNN(BC),CTCCTCTGCAATTAC,Antibody Capture
HTC9,HTC9,R2,5PNNNNNNNNNN(BC),CAGTAGTCACGGTCA,Antibody Capture
HTC10,HTC10,R2,5PNNNNNNNNNN(BC),ATTGACCCGCGTTAG,Antibody Capture
HTC11,HTC11,R2,5PNNNNNNNNNN(BC),CGATTGTAGACCTTT,Antibody Capture
HTC11,HTC11,R2,5PNNNNNNNNNN(BC),TAACGACCAGCCATA,Antibody Capture
CD86,anti-CD86,R2,5PNNNNNNNNNN(BC),GTCTTTGTCAGTGCA,Antibody Capture
CD274,anti-CD274,R2,5PNNNNNNNNNN(BC),GTTGTCCGACAATAC,Antibody Capture
CD270,anti-CD270,R2,5PNNNNNNNNNN(BC),TGATAGAAACAGACC,Antibody Capture
CD155,anti-CD155,R2,5PNNNNNNNNNN(BC),ATCACATCGTTGCCA,Antibody Capture
CD112,anti-CD112,R2,5PNNNNNNNNNN(BC),AACCTTCCGTCTAAG,Antibody Capture
CD47,anti-CD47,R2,5PNNNNNNNNNN(BC),GCATTCTGTCACCTA,Antibody Capture
CD48,anti-CD48,R2,5PNNNNNNNNNN(BC),CTACGACGTAGAAGA,Antibody Capture
CD40,anti-CD40,R2,5PNNNNNNNNNN(BC),CTCAGATGGAGTATG,Antibody Capture
CD154,anti-CD154,R2,5PNNNNNNNNNN(BC),GCTAGATAGATGCAA,Antibody Capture
CD52,anti-CD52,R2,5PNNNNNNNNNN(BC),CTTTGTACGAGCAAA,Antibody Capture
CD3,anti-CD3,R2,5PNNNNNNNNNN(BC),CTCATTGTAACTCCT,Antibody Capture
CD8,anti-CD8,R2,5PNNNNNNNNNN(BC),GCGCAACTTGATGAT,Antibody Capture
CD56,anti-CD56,R2,5PNNNNNNNNNN(BC),TCCTTTCCTGATAGG,Antibody Capture
CD19,anti-CD19,R2,5PNNNNNNNNNN(BC),CTGGGCAATTACTCG,Antibody Capture
CD33,anti-CD33,R2,5PNNNNNNNNNN(BC),TAACTCAGGGCCTAT,Antibody Capture
CD11c,anti-CD11c,R2,5PNNNNNNNNNN(BC),TACGCCTATAACTTG,Antibody Capture
HLA-ABC,anti-HLA-ABC,R2,5PNNNNNNNNNN(BC),TATGCGAGGCTTATC,Antibody Capture
CD45RA,anti-CD45RA,R2,5PNNNNNNNNNN(BC),TCAATCCTTCCGCTT,Antibody Capture
CD123,anti-CD123,R2,5PNNNNNNNNNN(BC),CTTCACTCTGTCAGG,Antibody Capture
CD7,anti-CD7,R2,5PNNNNNNNNNN(BC),TGGATTCCCGGACTT,Antibody Capture
CD105,anti-CD105,R2,5PNNNNNNNNNN(BC),ATCGTCGAGAGCTAG,Antibody Capture
CD49f,anti-CD49f,R2,5PNNNNNNNNNN(BC),TTCCGAGGATGATCT,Antibody Capture
CD194,anti-CD194,R2,5PNNNNNNNNNN(BC),AGCTTACCTGCACGA,Antibody Capture
CD4,anti-CD4,R2,5PNNNNNNNNNN(BC),TGTTCCCGCTCAACT,Antibody Capture
CD44,anti-CD44,R2,5PNNNNNNNNNN(BC),TGGCTTCAGGTCCTA,Antibody Capture
CD14,anti-CD14,R2,5PNNNNNNNNNN(BC),TCTCAGACCTCCGTA,Antibody Capture
CD16,anti-CD16,R2,5PNNNNNNNNNN(BC),AAGTTCACTCTTTGC,Antibody Capture
CD25,anti-CD25,R2,5PNNNNNNNNNN(BC),TTTGTCCTGTACGCC,Antibody Capture
CD45RO,anti-CD45RO,R2,5PNNNNNNNNNN(BC),CTCCGAATCATGTTG,Antibody Capture
CD279,anti-CD279,R2,5PNNNNNNNNNN(BC),ACAGCGCCGTATTTA,Antibody Capture
TIGIT,anti-TIGIT,R2,5PNNNNNNNNNN(BC),TTGCTTACCGCCAGA,Antibody Capture
IgG1_Mm_control,anti-IgG1-Mm-control,R2,5PNNNNNNNNNN(BC),GCCGGACGACATTAA,Antibody Capture
IgG2a_Mm_control,anti-IgG2a-Mm-control,R2,5PNNNNNNNNNN(BC),CTCCTACCTAAACTG,Antibody Capture
IgG2b_Mm_control,anti-IgG2b-Mm-control,R2,5PNNNNNNNNNN(BC),ATATGTATCACGCGA,Antibody Capture
IgG2b_Rr_control,anti-IgG2b-Rr-control,R2,5PNNNNNNNNNN(BC),GATTCTTGACGACCT,Antibody Capture
CD20,anti-CD20,R2,5PNNNNNNNNNN(BC),TTCTGGGTCCCTAGA,Antibody Capture
CD335,anti-CD335,R2,5PNNNNNNNNNN(BC),ACAATTTGAACAGCG,Antibody Capture
CD31,anti-CD31,R2,5PNNNNNNNNNN(BC),ACCTTTATGCCACGG,Antibody Capture
CD146,anti-CD146,R2,5PNNNNNNNNNN(BC),CCTTGGATAACATCA,Antibody Capture
IgM,anti-IgM,R2,5PNNNNNNNNNN(BC),TAGCGAGCCCGTATA,Antibody Capture
CD5,anti-CD5,R2,5PNNNNNNNNNN(BC),CATTAACGGGATGCC,Antibody Capture
CD183,anti-CD183,R2,5PNNNNNNNNNN(BC),GCGATGGTAGATTAT,Antibody Capture
CD195,anti-CD195,R2,5PNNNNNNNNNN(BC),CCAAAGTAAGAGCCA,Antibody Capture
CD32,anti-CD32,R2,5PNNNNNNNNNN(BC),GCTTCCGAATTACCG,Antibody Capture
CD196,anti-CD196,R2,5PNNNNNNNNNN(BC),GATCCCTTTGTCACT,Antibody Capture
CD185,anti-CD185,R2,5PNNNNNNNNNN(BC),AATTCAACCGTCGCC,Antibody Capture
CD103,anti-CD103,R2,5PNNNNNNNNNN(BC),GACCTCATTGTGAAT,Antibody Capture
CD69,anti-CD69,R2,5PNNNNNNNNNN(BC),GTCTCTTGGCTTAAA,Antibody Capture
CD62L,anti-CD62L,R2,5PNNNNNNNNNN(BC),GTCCCTGCAACTTGA,Antibody Capture
CD161,anti-CD161,R2,5PNNNNNNNNNN(BC),GTACGCAGTCCTTCT,Antibody Capture
CD152,anti-CD152,R2,5PNNNNNNNNNN(BC),ATGGTTCACGTAATC,Antibody Capture
CD223,anti-CD223,R2,5PNNNNNNNNNN(BC),CATTTGTCTGCCGGT,Antibody Capture
KLRG1,anti-KLRG1,R2,5PNNNNNNNNNN(BC),CTTATTTCCTGCCCT,Antibody Capture
CD27,anti-CD27,R2,5PNNNNNNNNNN(BC),GCACTCCTGCATGTA,Antibody Capture
CD107a,anti-CD107a,R2,5PNNNNNNNNNN(BC),CAGCCCACTGCAATA,Antibody Capture
CD95,anti-CD95,R2,5PNNNNNNNNNN(BC),CCAGCTCATTAGAGC,Antibody Capture
CD134,anti-CD134,R2,5PNNNNNNNNNN(BC),AACCCACCGTTGTTA,Antibody Capture
HLA-DR,anti-HLA-DR,R2,5PNNNNNNNNNN(BC),AATAGCGAGCAAGTA,Antibody Capture
CD1c,anti-CD1c,R2,5PNNNNNNNNNN(BC),GAGCTACTTCACTCG,Antibody Capture
CD11b,anti-CD11b,R2,5PNNNNNNNNNN(BC),GACAAGTGATCTGCA,Antibody Capture
CD64,anti-CD64,R2,5PNNNNNNNNNN(BC),AAGTATGCCCTACGA,Antibody Capture
CD141,anti-CD141,R2,5PNNNNNNNNNN(BC),GGATAACCGCGCTTT,Antibody Capture
CD1d,anti-CD1d,R2,5PNNNNNNNNNN(BC),TCGAGTCGCTTATCA,Antibody Capture
CD314,anti-CD314,R2,5PNNNNNNNNNN(BC),CGTGTTTGTTCCTCA,Antibody Capture
CD35,anti-CD35,R2,5PNNNNNNNNNN(BC),ACTTCCGTCGATCTT,Antibody Capture
CD57r,anti-CD57r,R2,5PNNNNNNNNNN(BC),AACTCCCTATGGAGG,Antibody Capture
CD272,anti-CD272,R2,5PNNNNNNNNNN(BC),GTTATTGGACTAAGG,Antibody Capture
CD278,anti-CD278,R2,5PNNNNNNNNNN(BC),CGCGCACCCATTAAA,Antibody Capture
CD58,anti-CD58,R2,5PNNNNNNNNNN(BC),GTTCCTATGGACGAC,Antibody Capture
CD39,anti-CD39,R2,5PNNNNNNNNNN(BC),TTACCTGGTATCCGT,Antibody Capture
CX3CR1,anti-CX3CR1,R2,5PNNNNNNNNNN(BC),AGTATCGTCTCTGGG,Antibody Capture
CD24,anti-CD24,R2,5PNNNNNNNNNN(BC),AGATTCCTTCGTGTT,Antibody Capture
CD21,anti-CD21,R2,5PNNNNNNNNNN(BC),AACCTAGTAGTTCGG,Antibody Capture
CD11a,anti-CD11a,R2,5PNNNNNNNNNN(BC),TATATCCTTGTGAGC,Antibody Capture
CD79b,anti-CD79b,R2,5PNNNNNNNNNN(BC),ATTCTTCAACCGAAG,Antibody Capture
CD244,anti-CD244,R2,5PNNNNNNNNNN(BC),TCGCTTGGATGGTAG,Antibody Capture
CD169,anti-CD169,R2,5PNNNNNNNNNN(BC),TACTCAGCGTGTTTG,Antibody Capture
ITGB7,anti-ITGB7,R2,5PNNNNNNNNNN(BC),TCCTTGGATGTACCG,Antibody Capture
CD268,anti-CD268,R2,5PNNNNNNNNNN(BC),CGAAGTCGATCCGTA,Antibody Capture
CD42b,anti-CD42b,R2,5PNNNNNNNNNN(BC),TCCTAGTACCGAAGT,Antibody Capture
CD54,anti-CD54,R2,5PNNNNNNNNNN(BC),CTGATAGACTTGAGT,Antibody Capture
CD62P,anti-CD62P,R2,5PNNNNNNNNNN(BC),CCTTCCGTATCCCTT,Antibody Capture
CD119,anti-CD119,R2,5PNNNNNNNNNN(BC),TGTGTATTCCCTTGT,Antibody Capture
TCRab,anti-TCRab,R2,5PNNNNNNNNNN(BC),CGTAACGTAGAGCGA,Antibody Capture
IgG1_Rr_control,anti-IgG1-Rr-control,R2,5PNNNNNNNNNN(BC),ATCAGATGCCCTCAT,Antibody Capture
IgG2a_Rr_control,anti-IgG2a-Rr-control,R2,5PNNNNNNNNNN(BC),AAGTCAGGTTCGTTT,Antibody Capture
IgG_Cm_control,anti-IgG-Cm-control,R2,5PNNNNNNNNNN(BC),CCTGTCATTAAGACT,Antibody Capture
CD122,anti-CD122,R2,5PNNNNNNNNNN(BC),TCATTTCCTCCGATT,Antibody Capture
CD267,anti-CD267,R2,5PNNNNNNNNNN(BC),AGTGATGGAGCGAAC,Antibody Capture
FCER1,anti-FCER1,R2,5PNNNNNNNNNN(BC),CTCGTTTCCGTATCG,Antibody Capture
CD41,anti-CD41,R2,5PNNNNNNNNNN(BC),ACGTTGTGGCCTTGT,Antibody Capture
CD137,anti-CD137,R2,5PNNNNNNNNNN(BC),CAGTAAGTTCGGGAC,Antibody Capture
CD163,anti-CD163,R2,5PNNNNNNNNNN(BC),GCTTCTCCTTCCTTA,Antibody Capture
CD83,anti-CD83,R2,5PNNNNNNNNNN(BC),CCACTCATTTCCGGT,Antibody Capture
CD124,anti-CD124,R2,5PNNNNNNNNNN(BC),CCGTCCTGATAGATG,Antibody Capture
CD13,anti-CD13,R2,5PNNNNNNNNNN(BC),TTTCAACGCCCTTTC,Antibody Capture
CD2,anti-CD2,R2,5PNNNNNNNNNN(BC),TACGATTTGTCAGGG,Antibody Capture
CD226,anti-CD226,R2,5PNNNNNNNNNN(BC),TCTCAGTGTTTGTGG,Antibody Capture
CD29,anti-CD29,R2,5PNNNNNNNNNN(BC),GTATTCCCTCAGTCA,Antibody Capture
CD303,anti-CD303,R2,5PNNNNNNNNNN(BC),GAGATGTCCGAATTT,Antibody Capture
CD49b,anti-CD49b,R2,5PNNNNNNNNNN(BC),GCTTTCTTCAGTATG,Antibody Capture
CD81,anti-CD81,R2,5PNNNNNNNNNN(BC),GTATCCTTCCTTGGC,Antibody Capture
IGD,anti-IGD,R2,5PNNNNNNNNNN(BC),CAGTCTCCGTAGAGT,Antibody Capture
CD18,anti-CD18,R2,5PNNNNNNNNNN(BC),TATTGGGACACTTCT,Antibody Capture
CD28,anti-CD28,R2,5PNNNNNNNNNN(BC),TGAGAACGACCCTAA,Antibody Capture
CD38,anti-CD38,R2,5PNNNNNNNNNN(BC),TGTACCCGCTTGTGA,Antibody Capture
CD127,anti-CD127,R2,5PNNNNNNNNNN(BC),GTGTGTTGTCCTATG,Antibody Capture
CD45,anti-CD45,R2,5PNNNNNNNNNN(BC),TGCAATTACCCGGAT,Antibody Capture
CD22,anti-CD22,R2,5PNNNNNNNNNN(BC),GGGTTGTTGTCTTTG,Antibody Capture
CD71,anti-CD71,R2,5PNNNNNNNNNN(BC),CCGTGTTCCTCATTA,Antibody Capture
CD26,anti-CD26,R2,5PNNNNNNNNNN(BC),GGTGGCTAGATAATG,Antibody Capture
CD36,anti-CD36,R2,5PNNNNNNNNNN(BC),TTCTTTGCCTTGCCA,Antibody Capture
CD158,anti-CD158,R2,5PNNNNNNNNNN(BC),TATCAACCAACGCTT,Antibody Capture
CD49a,anti-CD49a,R2,5PNNNNNNNNNN(BC),ACTGATGGACTCAGA,Antibody Capture
CD49d,anti-CD49d,R2,5PNNNNNNNNNN(BC),CCATTCAACTTCCGG,Antibody Capture
CD73,anti-CD73,R2,5PNNNNNNNNNN(BC),CAGTTCCTCAGTTCG,Antibody Capture
TCRAV7S2,anti-TCRAV7S2,R2,5PNNNNNNNNNN(BC),TACGAGCAGTATTCA,Antibody Capture
TCRDV-2,anti-TCRDV-2,R2,5PNNNNNNNNNN(BC),TCAGTCAGATGGTAT,Antibody Capture
LOX-1,anti-LOX-1,R2,5PNNNNNNNNNN(BC),ACCCTTTACCGAATA,Antibody Capture
CD158b,anti-CD158b,R2,5PNNNNNNNNNN(BC),GACCCGTAGTTTGAT,Antibody Capture
CD158e1,anti-CD158e1,R2,5PNNNNNNNNNN(BC),GGACGCTTTCCTTGA,Antibody Capture
CD319,anti-CD319,R2,5PNNNNNNNNNN(BC),AGTATGCCATGTCTT,Antibody Capture
CD99,anti-CD99,R2,5PNNNNNNNNNN(BC),ACCCGTCCCTAAGAA,Antibody Capture
CLEC12A,anti-CLEC12A,R2,5PNNNNNNNNNN(BC),CATTAGAGTCTGCCA,Antibody Capture
CD352,anti-CD352,R2,5PNNNNNNNNNN(BC),AGTTTCCACTCAGGC,Antibody Capture
CD94,anti-CD94,R2,5PNNNNNNNNNN(BC),CTTTCCGGTCCTACA,Antibody Capture
IGK,anti-IGK,R2,5PNNNNNNNNNN(BC),AGCTCAGCCAGTATG,Antibody Capture
CD85j,anti-CD85j,R2,5PNNNNNNNNNN(BC),CCTTGTGAGGCTATG,Antibody Capture
CD23,anti-CD23,R2,5PNNNNNNNNNN(BC),TCTGTATAACCGTCT,Antibody Capture
IGL,anti-IGL,R2,5PNNNNNNNNNN(BC),CAGCCAGTAAGTCAC,Antibody Capture
CD328,anti-CD328,R2,5PNNNNNNNNNN(BC),CTTAGCATTTCACTG,Antibody Capture
GPR56,anti-GPR56,R2,5PNNNNNNNNNN(BC),GCCTAGTTTCCGTTT,Antibody Capture
HLA-E,anti-HLA-E,R2,5PNNNNNNNNNN(BC),GAGTCGAGAAATCAT,Antibody Capture
CD82,anti-CD82,R2,5PNNNNNNNNNN(BC),TCCCACTTCCGCTTT,Antibody Capture
CD101,anti-CD101,R2,5PNNNNNNNNNN(BC),CTACTTCCCTGTCAA,Antibody Capture
CD88,anti-CD88,R2,5PNNNNNNNNNN(BC),GCCGCATGAGAAACA,Antibody Capture
CD224,anti-CD224,R2,5PNNNNNNNNNN(BC),CTGATGAGATGTCAG,Antibody Capture
